videoname,MeanNIQE,MeanSSIM
1-4.mp4,6.757574996099646,0.9006689599434288
1-9.mp4,7.341373231709332,0.9213797507089538
1-11.mp4,7.320159638066627,0.9135129296434997
1-12.mp4,6.932275425476721,0.8635769610877574
1-13.mp4,7.075014167918434,0.9127792437924123
1-14.mp4,7.135152552664192,0.9368088621369227
1-15.mp4,6.642165914591822,0.9374397969651027
1-16.mp4,7.342709605476138,0.9166088700088955
1-17.mp4,7.671883848703318,0.9362728088814493
1-18.mp4,7.363164379160789,0.9281752714562158
1-19.mp4,7.522534976299118,0.9370935897357534
1-22.mp4,7.606434570281855,0.9359373103415544
1-23.mp4,7.397141976444023,0.9240299409724592
2-1.mp4,6.722858427086368,0.8882005049922351
2-4.mp4,7.493651276516515,0.8968530842932909
2-6.mp4,6.607944764698735,0.9089828298502154
2-8.mp4,7.239458134321434,0.887725667660048
2-9.mp4,7.115089267581164,0.8753666181395428
2-10.mp4,7.298164306887572,0.8955456671274771
2-11.mp4,7.0286003358018325,0.8887068166278508
2-14.mp4,7.215287270129142,0.8640747905204529
2-16.mp4,7.081512477219582,0.8598460148620936
2-17.mp4,6.78066117649477,0.8297927792139509
2-18.mp4,6.204515457452205,0.871127943241929
2-19.mp4,7.352467931347634,0.90402191542361
2-20.mp4,7.3035162555875575,0.8845636508981167
2-21.mp4,6.821231588470003,0.9314189646072801
2-22.mp4,7.399105179735906,0.8821528207444588
2-23.mp4,6.9856253842362355,0.874929582974691
2-24.mp4,7.352232949362286,0.8982937504418065
2-25.mp4,7.372129988122076,0.9059830797406184
2-26.mp4,7.390998951254737,0.9193949449892713
3-3.mp4,7.053549031243325,0.896334778794242
3-4.mp4,7.431267413277811,0.8723185894433665
3-7.mp4,7.47967065695645,0.8893896683048397
3-8.mp4,7.176499544776729,0.8737887179907515
3-9.mp4,7.119729815811428,0.8859984359252552
3-11.mp4,7.267282668260667,0.8840436688433145
3-12.mp4,7.007744225895822,0.8717973738166594
3-13.mp4,7.338306223393361,0.8577193194834811
3-14.mp4,6.887962086025877,0.8558548283220262
3-15.mp4,6.822913797316861,0.8482836888997444
3-19.mp4,7.569223698432145,0.8914149046901737
3-20.mp4,7.542345526915278,0.879328276684926
3-21.mp4,7.373020269452424,0.8786397581485166
3-22.mp4,7.359799752531651,0.8830085846771368
3-23.mp4,7.000600274516302,0.8994621642870365
3-25.mp4,7.705952937821281,0.8850655566684543
3-26.mp4,7.405719853079919,0.86144821048604
3-27.mp4,7.675786376612545,0.8824238232560425
3-28.mp4,7.454371221786365,0.8531701853222843
4-1.mp4,6.353576320438931,0.9080519125870127
4-6.mp4,6.065018903224883,0.911047650149432
4-7.mp4,6.262424326072095,0.8887898596966651
4-8.mp4,6.56842379522012,0.9038525521469791
4-9.mp4,6.723947288877408,0.8941531059398179
4-12.mp4,5.483403011010425,0.8836921845756673
4-14.mp4,6.151382378948896,0.8792171085319992
4-15.mp4,5.779495496696491,0.9257076687945389
4-16.mp4,5.780082757187272,0.9235941479112791
4-17.mp4,5.464982689194022,0.9323785639981659
4-22.mp4,6.228095379073237,0.88788801830989
4-23.mp4,6.3184931307312056,0.8777614637305388
4-27.mp4,6.305479829897787,0.8717029836541383
4-30.mp4,6.362606105356468,0.8388098353495304
4-31.mp4,6.766259931079512,0.8880995357119779
4-32.mp4,6.752117416239106,0.9041086340761321
4-35.mp4,6.5757323301865895,0.8923670650572563
4-37.mp4,6.257205002261608,0.8999711402935903
4-38.mp4,6.475031218872971,0.8988728847865763
4-39.mp4,6.622728935470295,0.8742482568393589
4-40.mp4,6.235194329249425,0.9288998376838751
4-41.mp4,6.394663120244505,0.8882354485542132
4-42.mp4,5.813872563653682,0.921898102924534
4-43.mp4,6.825181818868658,0.913529936648765
4-44.mp4,6.740090351057379,0.8957714259873887
4-45.mp4,6.832287982855372,0.8805162150398359
5-2.mp4,7.09136605919304,0.9306948407620619
5-7.mp4,7.363500524606057,0.8813416944194243
5-8.mp4,6.277782746779911,0.91938038394812
5-9.mp4,6.146535113609962,0.9559423601378263
5-10.mp4,6.742569546074908,0.9412957453327905
5-13.mp4,6.8656544041836245,0.9168269826644249
5-14.mp4,7.355576110086302,0.9045876305373025
5-15.mp4,7.523611994433702,0.9014299517339689
5-16.mp4,6.886137861452361,0.8934027803091302
5-17.mp4,8.005003397240491,0.9045511286414496
5-20.mp4,7.405619119359499,0.9352450418826759
5-21.mp4,7.160067338698384,0.9393095751670126
5-22.mp4,7.355254425008317,0.9103074132680423
5-23.mp4,7.7025956296548435,0.9108244320172252
5-24.mp4,7.427106490625635,0.9333516103016863
6-2.mp4,6.42365334781357,0.9203829090210092
6-6.mp4,6.6367233578951135,0.9141807760914669
6-7.mp4,7.601994752583417,0.9207339584900605
6-16.mp4,7.268317807722538,0.8753987023254841
6-17.mp4,7.1011591496532525,0.8815231283854021
6-18.mp4,5.970079687330862,0.8723700405259879
6-19.mp4,6.2317894560637255,0.9245256347447017
6-20.mp4,6.711908920081053,0.8905087735650334
6-21.mp4,6.644210350015501,0.9183907495580744
6-22.mp4,7.282048613358514,0.8922321515791044
6-23.mp4,6.890856883051136,0.9018943226828666
6-26.mp4,6.952553943872607,0.8893992995596801
6-27.mp4,6.981705112871479,0.9247184386587348
6-28.mp4,6.337409434972821,0.8780568153302243
6-29.mp4,5.857072755697149,0.8836971107074438
6-31.mp4,7.0751447744330695,0.8980259445343763
6-32.mp4,7.0812039148074595,0.8528185112668119
6-33.mp4,7.351591367000139,0.9055225715160081
6-34.mp4,7.295859669317946,0.9124589743657783
6-35.mp4,7.347724715161897,0.9139113580012145
6-20_1.mp4,7.133241383591688,0.9117874670965986
7-1.mp4,7.296526151036192,0.9229474530253698
7-2.mp4,7.3352489579754,0.9305032689338266
7-8.mp4,6.8668173053064745,0.9229685135400134
7-10.mp4,7.071853174036422,0.9202793399328879
7-12.mp4,7.457771350588602,0.921715894963184
7-13.mp4,7.369167016172239,0.909395294534323
7-14.mp4,7.255444839317995,0.9182786525943933
7-15.mp4,7.264090935260738,0.9115446820218833
7-16.mp4,7.571109898212359,0.9093430425179452
7-17.mp4,7.696403361256123,0.9110457201849106
7-21.mp4,7.492840944735835,0.9265457865844733
7-22.mp4,7.468185925656339,0.9315825640819635
7-23.mp4,7.501393830642232,0.936116462102135
8-2.mp4,6.544294030320271,0.8897151392043606
8-3.mp4,6.821816523527797,0.8608837201429816
8-5.mp4,7.316550465629344,0.9025670496125581
8-6.mp4,6.648605724617058,0.8716370227795031
8-7.mp4,7.068492940984173,0.8351488018765015
8-8.mp4,6.982085305834067,0.8569290443160251
8-9.mp4,6.881588039780179,0.8640152263667276
8-12.mp4,7.143772131147142,0.8560687018140992
8-13.mp4,7.341160227007225,0.8922085588183093
8-14.mp4,6.856840889676,0.840549078877191
8-15.mp4,6.645193201984854,0.8640335451086664
8-18.mp4,6.841091482861768,0.8615825245545627
8-19.mp4,6.270080780910562,0.8151316849809193
8-20.mp4,6.3622771735097485,0.7780183346800289
8-22.mp4,7.729731119143835,0.8874290858138255
8-23.mp4,7.757261991312882,0.8967400987822212
8-28.mp4,6.796604884679387,0.8439066056831726
8-29.mp4,7.375207151052162,0.8723802771980527
8-30.mp4,7.500430525919795,0.8746337085650681
8-32.mp4,7.461451428029082,0.8698461336983505
8-5_1.mp4,6.880660118711266,0.8545630324011784
9-1.mp4,7.358152914556221,0.8852931522350369
9-3.mp4,7.44190824553469,0.9152248889912575
9-6.mp4,6.689326367215106,0.882550217620287
9-7.mp4,6.984887588249096,0.8805973185688178
9-13.mp4,6.951805762535526,0.861175930470185
9-14.mp4,6.841548906893812,0.9024697689869154
9-16.mp4,6.4231547507592115,0.8511019717649781
9-17.mp4,7.305580643316135,0.8917870904085687
9-19.mp4,6.286523332239426,0.8577329964159349
9-20.mp4,6.247082234201249,0.8760999272112593
9-22.mp4,6.729154498436669,0.9140897134405925
9-25.mp4,6.341801393753215,0.8979515887330602
9-26.mp4,6.572754890756745,0.9144905950910834
9-29.mp4,7.571967563517802,0.9160971717197081
9-30.mp4,7.503999765491642,0.9112157068115009
9-31.mp4,7.121947646833283,0.8680911095803538
9-34.mp4,7.0969708259269115,0.889414008535585
9-35.mp4,7.084853948535101,0.8831965748175815
9-37.mp4,6.889246330088156,0.8602473746342733
9-41.mp4,7.174178618877748,0.8940982688889924
9-42.mp4,7.027867803959023,0.8720928958569167
9-44.mp4,7.638282414147314,0.907689348161875
9-49.mp4,7.22182938554698,0.8878701476858453
9-50.mp4,7.4094445034150676,0.878499197385643
9-51.mp4,7.492799713537387,0.8870783028342609
9-52.mp4,7.365349522069441,0.8870681998851168
9-53.mp4,7.568092922197173,0.8938171497191636
9-56.mp4,7.851979243330882,0.9059719335001339
9-57.mp4,7.766750316893615,0.9107988007995875
9-58.mp4,7.651848952730129,0.904102310263681
9-59.mp4,7.542744337843544,0.893373671101145
9-60.mp4,7.1475347814191155,0.8969884651638486
10-5.mp4,6.834120955121018,0.9077478348434797
10-6.mp4,7.447577141008211,0.9046861464740372
10-7.mp4,7.600043935772699,0.9093960978277139
10-8.mp4,7.289933239349117,0.9089374322333773
10-11.mp4,7.714130419590771,0.9090561103650746
10-12.mp4,7.119589393671503,0.8873325993866752
10-13.mp4,7.413679969819992,0.8968505324271885
10-14.mp4,6.655013608318027,0.876006627453053
10-15.mp4,7.1693378269772685,0.8690397537071269
10-16.mp4,6.912138833730353,0.8639293472000581
10-18.mp4,7.755235010290767,0.9095880941441687
10-19.mp4,6.236613552607634,0.9029668009854737
10-21.mp4,7.3101024985586065,0.8694045026538514
10-22.mp4,7.412481419563657,0.9195425929149134
10-23.mp4,7.566164019601661,0.9039455497445577
10-26.mp4,7.700881949095561,0.9221271374529971
10-27.mp4,7.525370956183516,0.9120073962300708
10-28.mp4,7.395735186038922,0.9127969417034459
10-30.mp4,7.561114265137232,0.9097104732363757
10-31.mp4,7.752997146322631,0.9230286405395508
11-2.mp4,7.133577307458043,0.9185513758294639
11-3.mp4,7.334115314615332,0.912856891487506
11-4.mp4,6.870443798280123,0.9095568768062848
11-11.mp4,7.263960757346247,0.9121560442032702
11-12.mp4,6.889353855659524,0.9071183149960614
11-14.mp4,7.535094263544251,0.9318545262694568
11-15.mp4,7.523954413669649,0.9252730083493571
11-16.mp4,7.561164493364517,0.9180784668750075
11-17.mp4,7.588481689311731,0.919654594455758
11-18.mp4,7.763991566254634,0.9163260598848415
12-1.mp4,6.62853589454687,0.9132793462544293
12-2.mp4,7.061341995719536,0.9084795505513193
12-3.mp4,7.331108823909905,0.9013943142536983
12-4.mp4,7.433921802094457,0.9243399829674884
12-5.mp4,7.309873348134751,0.912359559526666
12-6.mp4,7.490735848227915,0.912093384031729
12-7.mp4,7.129947025425635,0.8976952728610131
12-9.mp4,6.890924664574111,0.8723230826521783
12-11.mp4,7.324912053295128,0.8823159594560457
12-14.mp4,7.465502120260278,0.879527996240602
12-15.mp4,7.4125708594772375,0.8978611442901613
13-2.mp4,7.164399529511525,0.8663903522677506
13-4.mp4,7.592164158611876,0.8850297017888276
13-6.mp4,7.474694596445243,0.8786070583004635
13-7.mp4,7.4595075165231055,0.8706096306668627
13-9.mp4,7.107300735705354,0.8713530931925992
13-10.mp4,7.276069459230662,0.8692819699671025
13-11.mp4,6.764516834404972,0.8276128281836673
13-12.mp4,6.349444059955721,0.7885729467342224
13-13.mp4,7.141336047904842,0.8413848834890533
13-16.mp4,7.128002809666187,0.849213506158047
13-17.mp4,7.344639808261437,0.8837888841399647
13-20.mp4,7.347644213515125,0.8656123252776101
13-21.mp4,7.682388657321735,0.8899704375458475
13-22.mp4,7.70844192713803,0.8994141641519952
13-23.mp4,7.8616418932409475,0.9034320795978809
13-24.mp4,7.7018707682795515,0.8836463923510444
13-25.mp4,7.732625240887442,0.895614054797918
13-26.mp4,7.602520933064235,0.8930055016608192
13-27.mp4,7.434403695008218,0.88596484359472
13-28.mp4,7.512132878889674,0.9003246155654119
13-29.mp4,7.69812360961409,0.8839147558125617
13-30.mp4,7.793788338379314,0.8805637585143756
13-31.mp4,7.692865579876869,0.8914926541903851
14-1.mp4,6.589109799964595,0.9168180874312446
14-3.mp4,6.4706066078016615,0.9151455624185731
14-4.mp4,6.469070150388419,0.9192871273267015
14-5.mp4,6.5378657998187295,0.9177804702688261
14-9.mp4,6.337481296082612,0.8878593211603939
14-10.mp4,6.019220376285568,0.9274227488405277
14-11.mp4,6.364698805382422,0.9074134331407825
14-13.mp4,5.980088359154319,0.9143323903831186
14-14.mp4,5.58479012534568,0.927053947079128
14-15.mp4,6.441866987067209,0.9194501898557556
14-16.mp4,6.301332397084144,0.9191364025189585
14-17.mp4,6.220493816492305,0.9243938197597652
14-18.mp4,6.181546234739319,0.9318655839979717
14-19.mp4,5.807027188621263,0.9309342250865568
14-20.mp4,6.318711994664296,0.9279998763600127
14-21.mp4,6.019656377679336,0.9359558557473784
14-22.mp4,6.189790599747778,0.9291757223259547
14-23.mp4,5.970809690229823,0.9309823630831783
14-24.mp4,6.554313668820007,0.9105757223240231
14-25.mp4,6.316254912139103,0.9118401860255922
14-26.mp4,6.613094879109418,0.9262460118360536
14-27.mp4,5.746446587197153,0.933008113932957
14-28.mp4,6.2727995664511855,0.9311963215193156
14-29.mp4,6.573330589813667,0.9230587264201258
14-30.mp4,6.504150826038745,0.9250536332084237
15-2.mp4,7.130020008649816,0.9058935053767952
15-7.mp4,7.261129283169369,0.9108268150213458
15-9.mp4,7.444463015994619,0.9213680986009554
15-12.mp4,7.087140192308794,0.9006604945736927
15-13.mp4,6.901291273499477,0.9113279345524635
15-14.mp4,6.9142317458697535,0.9267583506217719
15-15.mp4,6.916858158614961,0.9187242398197304
15-16.mp4,6.7581604707093526,0.9269131043401267
15-18.mp4,6.5633567650521245,0.9287472970538518
15-19.mp4,7.30593228550058,0.9116950420991669
15-20.mp4,7.402519944033752,0.8966248185691003
15-22.mp4,6.960656884205506,0.8994548704215345
15-23.mp4,6.821176561530565,0.8896021591200124
15-24.mp4,6.755807952533694,0.9285230554689783
15-25.mp4,7.1627424861212114,0.9179526512136696
15-26.mp4,7.126445681598495,0.9099505974069958
15-28.mp4,7.499336395818719,0.9289363599160381
16-1.mp4,6.651702833420108,0.8655967734476658
16-2.mp4,7.548238595675265,0.9101132683149228
16-3.mp4,7.403069587138438,0.9062890461627743
16-4.mp4,7.405709562140945,0.8901007134310875
16-5.mp4,7.309637791272723,0.8843563780276632
16-6.mp4,7.486286777742502,0.918897328388717
16-7.mp4,7.517320054725538,0.9146665588192645
16-8.mp4,7.273169007228509,0.9023866376775541
16-9.mp4,7.359065051052829,0.894311556254059
16-10.mp4,7.372726002647855,0.8811649997024481
16-12.mp4,7.21235517279526,0.9064473745719804
16-13.mp4,6.912282411521137,0.8534844820702889
16-14.mp4,6.861831082057067,0.8505870237056907
16-15.mp4,6.4392196708292,0.9271544712279586
16-16.mp4,7.22941838575972,0.8982296486142815
16-18.mp4,7.026565864613945,0.9036261319584361
16-23.mp4,6.050143042369436,0.8599343331622508
16-24.mp4,6.513117601795824,0.9143863414091021
16-25.mp4,6.775270862542463,0.8756703648782583
16-27.mp4,7.046852516031237,0.8991983592613136
16-28.mp4,6.884973061441419,0.8744072406136055
16-30.mp4,6.678450186057522,0.8158461428129985
16-31.mp4,7.044440770262872,0.859174723337533
16-32.mp4,6.256302053934415,0.8705876623202545
16-34.mp4,6.150600561836631,0.7870167363714178
16-35.mp4,6.348231688484066,0.8121766566832721
16-36.mp4,6.6008294703495185,0.7982971388112673
16-37.mp4,5.897743969301745,0.8427675229464774
16-38.mp4,5.8738389238324435,0.7594965496553069
16-39.mp4,6.811597746979418,0.8521106025297474
16-40.mp4,7.215101282885129,0.8775083606453671
16-41.mp4,7.1400191055630495,0.8768046424254615
16-42.mp4,7.530334127556921,0.8992048397637494
16-44.mp4,7.449572143672188,0.898749761496923
16-45.mp4,7.684085967952695,0.9162356668909396
16-46.mp4,7.5923157029205015,0.9076656488952776
16-47.mp4,6.7936444449763504,0.810626176912156
16-48.mp4,7.315522178165613,0.895861657688806
16-49.mp4,7.464254051326277,0.8958681745623681
16-50.mp4,6.949157080944468,0.8543308961735823
16-51.mp4,7.086602795912866,0.8719035308264904
16-52.mp4,7.786525901249288,0.9089419026675057
16-53.mp4,7.242016154735326,0.9184447393916298
17-1.mp4,8.41507350303985,0.9336123904125951
17-2.mp4,8.0807767858256,0.9228144940957278
17-3.mp4,8.37767975587867,0.9335696895663744
17-8.mp4,7.633612147379091,0.909084799642718
17-9.mp4,7.833031477284868,0.9189054821030276
17-11.mp4,7.87349087666762,0.9253516638027356
17-12.mp4,8.052391815474353,0.9193946504606514
17-13.mp4,8.033104218412499,0.9115219894821681
17-14.mp4,8.049537515867126,0.9259852098497743
17-15.mp4,7.522267269081363,0.8988632446373503
17-16.mp4,7.482799072708113,0.9241727830399343
17-17.mp4,7.1085229318261565,0.8579203620800397
17-18.mp4,7.19999296843701,0.8705006067975386
17-23.mp4,7.837959935252957,0.8949150410804368
17-24.mp4,8.015883677042144,0.9143916821158503
17-26.mp4,7.920583961953461,0.9116728900061075
17-27.mp4,7.593255780873653,0.878944849123757
17-29.mp4,8.056662966176608,0.9053119839099131
17-30.mp4,8.07230381955343,0.9113057682094939
17-31.mp4,8.233711499160226,0.9185323084953734
17-32.mp4,8.223204248430257,0.9274924129221276
18-2.mp4,6.2299341326191415,0.8437310099227961
18-3.mp4,5.912304843169731,0.7787154123977084
18-4.mp4,6.8112527922237796,0.8737432242433293
18-6.mp4,6.449511755935237,0.864178541747766
18-7.mp4,6.259511049331599,0.8595403317218397
18-8.mp4,6.3413407632665,0.8409942177120933
18-9.mp4,6.200921774603096,0.7899381559556845
18-10.mp4,6.054559895651053,0.8203734689164297
18-11.mp4,6.172667506051694,0.813853565067824
18-12.mp4,5.688893316659346,0.8314651300402657
18-15.mp4,5.379880791447871,0.8258245518406806
18-16.mp4,5.579701582795225,0.8374055188154711
18-17.mp4,5.48691824144554,0.8299594604103594
18-18.mp4,6.064156817232579,0.8513911993462191
18-19.mp4,6.0518020685757925,0.8261740016285183
18-22.mp4,6.0628912348382205,0.8569605439834775
18-24.mp4,6.23492436135999,0.8691774282991419
18-26.mp4,6.137786518448001,0.8464866743513791
18-29.mp4,5.9558250291649975,0.8774243003622528
18-30.mp4,5.697694895248897,0.8714838325443296
18-32.mp4,6.190954618737515,0.8665867374288736
19-1.mp4,6.952840825518438,0.8230684032345065
19-3.mp4,6.894710609416551,0.8539321554376167
19-5.mp4,5.930711883466928,0.8437614098029819
19-11.mp4,5.283119583898725,0.7690632025090782
19-13.mp4,6.150915167795345,0.8231425908430934
19-14.mp4,6.114656903345476,0.7879027412836864
19-15.mp4,6.731099661224057,0.8260505454239141
19-16.mp4,5.9121258558720955,0.7500007749969946
19-17.mp4,6.391317842154005,0.7748883177803764
19-18.mp4,6.636626813193379,0.8020420623818614
19-20.mp4,6.32052113992746,0.7749424853231578
19-21.mp4,6.552151053734919,0.8258169064184779
19-24.mp4,5.960489964172218,0.8655331242151084
19-25.mp4,6.173877896238392,0.8352243465803351
19-27.mp4,5.70555738506579,0.8369874122906958
20-1.mp4,7.57544972115048,0.8496259900432191
20-2.mp4,7.506602620296581,0.8622810915355172
20-3.mp4,7.401054388892901,0.8598810937683372
20-4.mp4,7.3553983100592575,0.8665595748744573
20-5.mp4,7.109972401854676,0.8393874748827505
20-6.mp4,7.0843836578279795,0.8464080974682934
20-7.mp4,6.935513031950561,0.817322671527113
20-9.mp4,6.73840726127101,0.7553347927576167
21-1.mp4,6.98220206504052,0.9030792877442834
21-2.mp4,6.840725760136795,0.89231022963187
21-3.mp4,6.537102853095945,0.8868197111400042
21-5.mp4,6.43332260813867,0.8949140811488236
21-6.mp4,6.330093890347825,0.9089059158846229
21-7.mp4,6.457813061447829,0.9135079337295825
21-8.mp4,6.507408761687426,0.8748233093624787
21-9.mp4,6.520922323209242,0.9095496991667228
21-10.mp4,6.687081350362764,0.8935145228971275
21-11.mp4,6.657827022369042,0.9037519187720076
21-12.mp4,6.578669134340737,0.8933813141741455
21-14.mp4,6.562676918321067,0.908180225988397
22-1.mp4,5.854333743939986,0.8515238920901885
22-2.mp4,5.96863572540645,0.8422975081922354
22-3.mp4,5.5608097634676525,0.8576789323206094
22-4.mp4,5.216975119435657,0.8680228507188338
22-5.mp4,5.587193512701221,0.8413875965840654
22-7.mp4,5.64389364208806,0.7991597114226823
22-8.mp4,5.8312202231507975,0.7956004824825704
22-10.mp4,5.916088951127076,0.7670160390850242
22-11.mp4,6.096146657026091,0.8333652584154809
22-12.mp4,6.003127900357697,0.8019030348533343
22-14.mp4,6.0218838028220185,0.8219698502993958
23-1.mp4,6.950504474121956,0.855297352121149
23-2.mp4,6.989581969475563,0.8535618103294527
23-3.mp4,6.6889805400207445,0.8547712900051071
23-5.mp4,6.944494846191154,0.836401404091341
23-7.mp4,6.064633709821033,0.8344740854583529
23-8.mp4,7.253111026286833,0.8852348090903626
23-9.mp4,6.598517684013651,0.8324593795681232
23-10.mp4,7.104221129116951,0.8738857614907508
23-3_1.mp4,6.40943439343212,0.8113557915487247
24-1.mp4,6.427710774244896,0.9549239541054947
24-2.mp4,7.3400564176717555,0.9450587898186003
24-3.mp4,6.892583929625676,0.9438883805851562
24-4.mp4,6.7845012378822,0.9360659501940368
24-5.mp4,7.017042547985365,0.9286734664625106
24-6.mp4,6.845774621922624,0.9359065519203326
24-8.mp4,6.954518712493244,0.9291220374130202
24-9.mp4,6.939999311146465,0.9246538369412349
24-10.mp4,6.483773093734847,0.9279929392880679
24-11.mp4,5.0320683240570725,0.9119467027146289
24-12.mp4,7.128323135320754,0.9346947170401269
24-14.mp4,6.528561034598421,0.9484742999930421
24-15.mp4,6.695758826530475,0.9408816208832311
24-16.mp4,6.274653473837741,0.9404088649400201
24-20.mp4,6.544964147358172,0.9364049184531118
24-21.mp4,6.777957007129605,0.9386309141897381
24-22.mp4,6.511415471419214,0.9508064644171578
24-23.mp4,6.721778336421297,0.9429315809266748
24-24.mp4,6.115722690398756,0.9605785611690799
24-26.mp4,7.144445544703745,0.9389914553903498
24-28.mp4,7.412962161743066,0.9234884379383715
24-29.mp4,7.307114823826278,0.9306767149794234
24-30.mp4,7.196272471859468,0.9304096023102894
24-32.mp4,6.918433420322057,0.9253859515039364
24-33.mp4,6.820593550185951,0.9283871791477609
24-34.mp4,6.565938757759568,0.9323751366020501
24-37.mp4,7.396730761859126,0.9293539421163576
24-39.mp4,7.193427811116171,0.9475500456927344
24-40.mp4,7.278215920330472,0.9347331997453925
24-41.mp4,7.344731790189332,0.9451066716085655
24-42.mp4,7.4999530258473674,0.9351196207955758
24-44.mp4,6.460832893019808,0.9697546725669083
24-45.mp4,6.985635898013925,0.9428626860909677
24-46.mp4,5.841328572753346,0.9600416402970626
24-48.mp4,6.522731797582199,0.9455271395564471
24-49.mp4,6.477360931184077,0.9427640941635146
24-50.mp4,6.307898869770589,0.9501642592908915
24-52.mp4,6.899125338031124,0.9533397839862342
24-53.mp4,7.866811567558736,0.9268044011177019
24-54.mp4,7.617198747133082,0.9154280003599938
24-55.mp4,7.719319385326598,0.9431152452270388
24-57.mp4,6.009021123581687,0.9484605427929909
24-60.mp4,6.928784034440138,0.9185923894759932
24-61.mp4,6.085229727370189,0.891860284225555
24-62.mp4,5.794471563112714,0.8999572121698644
24-63.mp4,6.799614765585891,0.9028255722022296
24-64.mp4,7.886658357530007,0.9176277706365951
24-65.mp4,5.629652186225042,0.9157750128094893
24-66.mp4,5.369904329880099,0.9028787364319052
25-1.mp4,6.70000818770712,0.9342364867554038
25-2.mp4,7.255846505189262,0.9282557128788832
25-4.mp4,6.935594491435397,0.8862849077397785
25-6.mp4,7.644490433592654,0.900011985624426
25-8.mp4,7.526790561420073,0.9313779859618883
25-9.mp4,7.2219136673297335,0.9060247497866322
25-12.mp4,7.541558363671296,0.932174520842252
27-1.mp4,7.430308484481439,0.8373007098951973
27-2.mp4,7.092446294356226,0.8221036121420501
27-3.mp4,7.56795887878682,0.8516415775363513
27-4.mp4,7.2891577678946895,0.8255029394475379
27-5.mp4,7.003776542146737,0.8693523141177623
27-7.mp4,6.44193522051486,0.8367850630174333
27-10.mp4,6.758191026208671,0.8178353899841473
27-13.mp4,7.1683570052626235,0.8480944784875951
27-14.mp4,7.408240533500204,0.844029741888299
27-15.mp4,7.032904734410533,0.8409425052375499
27-16.mp4,7.1322975920609455,0.8465157242457628
28-2.mp4,7.716226155163458,0.8685870347495832
28-6.mp4,7.413514530865912,0.8553722766371665
28-9.mp4,7.32729341366698,0.8341062188292536
29-1.mp4,6.621413431316296,0.9021461413713818
29-2.mp4,7.108403059071157,0.902403725576316
29-3.mp4,7.284564082956459,0.9311275703358604
29-4.mp4,7.306617698009157,0.9163108090369655
29-6.mp4,7.158674830668546,0.8779202270904524
29-8.mp4,6.46549355934782,0.838240093653753
30-1.mp4,7.072766708052657,0.9198454750550579
30-4.mp4,7.579833546391677,0.9348250183496115
30-5.mp4,7.323617561725213,0.9324210491932039
30-10.mp4,7.496210600153031,0.9078185393220632
30-11.mp4,7.399074491814244,0.8990946525525717
30-15.mp4,7.706694081414615,0.9306521790186848
30-17.mp4,6.934351517154356,0.9424806073381833
30-18.mp4,6.67490021369014,0.9388944184062905
30-19.mp4,7.2734035320388,0.9261974397264815
30-21.mp4,7.514635094751569,0.9314179037735058
30-22.mp4,7.236420226906652,0.9278938144900449
30-24.mp4,6.695294081466104,0.945547779614112
30-25.mp4,7.9841767402290404,0.9349795143649404
31-1.mp4,7.622581761595021,0.9281970045586649
31-6.mp4,7.578981771511443,0.9178204047592983
31-7.mp4,6.513194346973012,0.9402895564529664
31-9.mp4,7.498019380380375,0.9010574233286214
31-11.mp4,7.162611067450796,0.8919295983078581
31-14.mp4,5.665417661464149,0.8022078320611179
31-15.mp4,5.813583950219966,0.8393313155306736
31-16.mp4,6.0068842556662,0.8252334540361363
31-19.mp4,5.576187164433654,0.8536953560186675
31-20.mp4,6.33134381143462,0.7835842165685081
31-21.mp4,6.5769434700412805,0.8727430394541914
31-22.mp4,5.446917718492149,0.8748014875034131
31-25.mp4,6.6630587085113975,0.9335794438650896
31-26.mp4,6.481889191647113,0.9383999193768787
31-27.mp4,5.993594332877472,0.9360302286465626
31-29.mp4,6.053537139236493,0.9379163559925793
31-33.mp4,6.489876495167274,0.926170003317651
31-34.mp4,5.50045902224201,0.8955618452886227
31-35.mp4,6.4626882402826,0.9020349132835598
31-37.mp4,6.995352309102399,0.9071316702667936
31-39.mp4,7.874611158015006,0.9280624168099796
32-1.mp4,7.160856904075428,0.9107888556776904
32-2.mp4,7.4464881934539155,0.9232979814499477
32-3.mp4,7.666623186089208,0.9239675409532121
32-4.mp4,7.6246390170945215,0.9331217452740084
32-5.mp4,7.7338191263160265,0.9254478848088592
32-6.mp4,7.378236689440002,0.9148587280686028
32-7.mp4,7.083936141960685,0.9187959613733192
32-9.mp4,6.627481164147358,0.8601430267470425
32-10.mp4,7.6361282827489045,0.9119765674976781
32-11.mp4,7.378599283408317,0.8840817418290486
33-1.mp4,7.042701167179174,0.9502542399194517
33-2.mp4,7.082097967632114,0.9389783861834577
33-3.mp4,7.74642134457017,0.9151210880377545
33-4.mp4,7.680087806776345,0.9269643315853955
33-5.mp4,7.32069340901358,0.9194675662067383
33-6.mp4,6.965756966219742,0.8274127876544677
33-8.mp4,7.395664172686289,0.9251795228778378
33-9.mp4,7.21687063817765,0.9456375069717787
33-10.mp4,7.106367259304577,0.9129282291128478
33-11.mp4,7.3171699769183425,0.9052977957850806
33-13.mp4,7.239571824385847,0.9003042850630653
34-1.mp4,7.357520387598521,0.9352864235356113
34-2.mp4,7.42400322072973,0.9341556786651969
34-3.mp4,7.544790166275804,0.9149588631555163
34-4.mp4,7.546882157039582,0.921130649582113
34-5.mp4,6.547007158012448,0.8989259905381823
34-6.mp4,6.691421087795738,0.9132409544464123
34-7.mp4,6.65972012724143,0.9118099574808521
34-8.mp4,6.620455773597698,0.9374881850302683
34-10.mp4,7.2429524423266285,0.9408906485191422
35-2.mp4,6.288198094252033,0.910248789487313
35-3.mp4,6.670781617807284,0.8929194320856244
35-4.mp4,6.768535623376707,0.9189411031209938
35-5.mp4,7.457570521533515,0.938021448053016
35-6.mp4,7.005605923876923,0.9288228747337645
35-7.mp4,7.77192009551107,0.9415602541075964
35-8.mp4,7.327109222382796,0.9309582989353462
35-12.mp4,7.277032071879957,0.9358922733483555
35-13.mp4,7.278688833733661,0.9328489114272107
35-15.mp4,7.30305329440397,0.9521906338252377
35-16.mp4,6.810817014951727,0.9437780429111975
35-17.mp4,7.256748203835434,0.9410902006036458
35-19.mp4,6.7911835178810485,0.9295071957066602
35-20.mp4,6.482543990581561,0.9390154234150956
35-21.mp4,6.999488126700525,0.9055633334313442
35-22.mp4,6.699170250706234,0.9320097058400575
35-23.mp4,6.602908869119835,0.9253588407475957
36-3.mp4,6.3710969973497305,0.9041792585491105
36-4.mp4,5.880692615998271,0.8728738400597533
36-5.mp4,6.2960942257434835,0.8912224404832357
36-6.mp4,6.345475210421239,0.8997112575241553
36-8.mp4,6.211231507283814,0.8890053820663295
36-11.mp4,7.139263481232763,0.9066393952452415
36-12.mp4,6.460049757201946,0.9152671181347921
36-14.mp4,6.823939760271044,0.8639828064429187
36-15.mp4,6.845434658404178,0.9072524474128908
36-16.mp4,6.811727099162349,0.8974962279533226
36-17.mp4,6.182064201371053,0.8720061084065878
36-19.mp4,6.559396664547743,0.8810128554518166
36-20.mp4,6.424720320813497,0.8837297242982495
36-21.mp4,5.362103562293526,0.8800418122571125
36-22.mp4,6.344940934737502,0.9075184387320862
37-1.mp4,7.094410478560739,0.9268558275181578
37-2.mp4,5.8796558565734935,0.8831248550150461
37-3.mp4,7.147341411907824,0.8923531937201185
37-4.mp4,7.324417178325027,0.8788682155039946
37-11.mp4,6.2431858561296,0.9126042192803663
37-12.mp4,6.0493980978888295,0.8739487478333506
37-14.mp4,5.859585365088911,0.9258475749741282
37-15.mp4,5.869461834221282,0.8831458893982825
37-16.mp4,5.971797340768689,0.9255542866037065
37-17.mp4,5.893377132860746,0.9091664098222244
37-18.mp4,5.475067640488682,0.9229389579660979
37-19.mp4,5.961019577473716,0.8932967039456614
37-23.mp4,6.603473346656466,0.8981493511876235
37-24.mp4,5.639210623468303,0.9236835412688424
38-2.mp4,6.462309211367927,0.9231469657671716
38-3.mp4,6.884488225828024,0.942626856125923
39-1.mp4,7.0664292292971815,0.9276549179447156
39-2.mp4,6.714912449362001,0.9006171270712391
39-3.mp4,6.737430124368792,0.9279875660332614
39-4.mp4,6.648475424868652,0.9143708179078883
39-5.mp4,6.731913102514313,0.8870032720242942
39-6.mp4,6.799889686091553,0.8854589121883362
39-9.mp4,6.580390677393697,0.8597738966010371
39-10.mp4,6.796431052772017,0.8788629913019923
39-11.mp4,6.573223403765807,0.8747900683304466
39-12.mp4,6.511406975165987,0.8793464594119534
39-13.mp4,6.570095934303582,0.8921510687492791
40-1.mp4,6.749863521471285,0.8936533276970108
40-2.mp4,6.812248793886449,0.9119204126411643
40-3.mp4,6.685588043565655,0.8948244079593577
40-4.mp4,6.853348549318722,0.8839683316733086
40-5.mp4,6.6447150321017014,0.8351993617469315
40-6.mp4,6.761973830868251,0.8685055659454267
40-8.mp4,6.707514948726374,0.8849961987593798
41-1.mp4,7.582283176121857,0.9108488341420903
41-3.mp4,7.856541221488224,0.9147934561025347
41-4.mp4,7.5671642985404945,0.9340332234370108
41-5.mp4,7.770391614756221,0.9232134766047886
41-6.mp4,6.673088285023841,0.9421449551508103
41-7.mp4,7.3600803485372355,0.9479769591796077
42-3.mp4,6.42480130037011,0.8367649014725376
42-4.mp4,6.1095659993488125,0.8057478988450051
42-5.mp4,6.146788281628378,0.7897925521032196
42-6.mp4,6.349319932374833,0.8420958986660164
42-8.mp4,6.158142747645855,0.8734402743505725
42-9.mp4,6.087398017402406,0.893234156772629
42-10.mp4,6.3404269058301015,0.8566648324109682
42-11.mp4,6.38028390415586,0.8278759099703535
42-12.mp4,6.552342188382451,0.8714237847159936
42-13.mp4,6.502257676956744,0.8705333588838584
42-14.mp4,6.3371985951001015,0.8736480089596859
42-15.mp4,6.032827785312425,0.8670430050234641
42-16.mp4,5.9153115560362295,0.8831611010749312
42-17.mp4,6.184163822709868,0.8586348154572482
42-18.mp4,6.375703417807804,0.8393638283914201
43-1.mp4,6.354792663640233,0.8152215759080697
43-3.mp4,6.755431691660338,0.8557923116444799
43-4.mp4,6.779245613524865,0.8543720344838702
43-6.mp4,6.447788315437693,0.8254712774589085
43-7.mp4,6.462159827427861,0.8342042028811492
43-8.mp4,6.353237783752644,0.8092998144751038
43-10.mp4,6.3385388427196725,0.8392517536090945
44-2.mp4,6.830518139105934,0.8718570994727143
44-3.mp4,6.936388114205903,0.8599193611058861
44-6.mp4,7.080351501225376,0.8849589357617758
44-7.mp4,6.245531962128019,0.8787232794892033
44-8.mp4,5.829958783039401,0.9136037536301809
44-9.mp4,5.658182407406698,0.9194012105044093
44-10.mp4,5.276201458215187,0.9125866694588775
44-13.mp4,5.697534415388087,0.8967269472227262
44-14.mp4,5.118590609076738,0.893981732129871
44-17.mp4,6.08218575393398,0.8805387884070953
44-18.mp4,5.784771476991767,0.9114192397476271
44-19.mp4,6.195340001539177,0.8947787485885581
44-20.mp4,5.91841433893933,0.8982699724983813
44-22.mp4,5.779521817094447,0.8777100872648274
44-24.mp4,5.946654064759736,0.8896441823485912
44-26.mp4,6.158500825180365,0.9014247412145867
44-27.mp4,6.208968522282093,0.8867126176256045
45-1.mp4,7.145149521512345,0.8425405556823374
45-2.mp4,7.16099461682875,0.8449700189477536
45-3.mp4,7.4292426075049995,0.8249272679737277
45-5.mp4,7.45329123059856,0.8533028021061739
45-6.mp4,7.429570151155701,0.862799518539869
45-7.mp4,6.865984465446103,0.8131691522878721
45-8.mp4,6.933576729650339,0.8239513612931576
45-9.mp4,6.857037437369027,0.8156543263147956
45-10.mp4,6.980945241411959,0.8359575076997983
45-11.mp4,7.066369682439518,0.8451842480119879
45-12.mp4,6.837563240604646,0.842426318594704
46-2.mp4,7.1916809579181775,0.9045602838882879
46-3.mp4,7.259480574650212,0.8733997514258371
46-4.mp4,6.688985162913585,0.8761228337622766
46-5.mp4,6.497386799460807,0.9128013763562327
46-9.mp4,7.315821915622531,0.8848361890958577
46-10.mp4,7.006586412597614,0.9058796042773164
46-12.mp4,6.853892769305829,0.8944990518131295
46-13.mp4,6.817013052425223,0.8938702499732262
46-14.mp4,7.184708562404103,0.9233637879554657
46-15.mp4,6.8911519498595615,0.893888743439115
47-1.mp4,7.2830143086771155,0.8851494662966152
47-2.mp4,7.122104557887361,0.8812161817940124
47-5.mp4,6.738605790596509,0.8576536737958813
47-6.mp4,6.609245777905187,0.8466010873891774
47-7.mp4,6.56996747259517,0.869208296576544
47-8.mp4,7.076004108185499,0.8524689411385562
47-9.mp4,7.1705138557102215,0.8885372591180194
47-10.mp4,6.904005254348509,0.8773801561064335
47-11.mp4,6.6588495538521,0.8810578215205439
47-12.mp4,7.219365144147765,0.8915071140927641
47-13.mp4,7.142281118961009,0.8776907817800679
47-16.mp4,7.380423738776504,0.8929712018497734
47-17.mp4,7.066460247755496,0.8783556521401259
47-18.mp4,7.119624294007211,0.9045761470368113
48-1.mp4,7.026722987579375,0.8860384545168292
48-2.mp4,7.19750851504023,0.905957571824596
48-3.mp4,6.469480094309119,0.8538612838303904
48-4.mp4,7.036535205405326,0.868146169573341
48-5.mp4,6.860677982997869,0.8711353523748764
48-6.mp4,7.248151273346834,0.8960277971320524
48-7.mp4,7.087304134101416,0.8908007754549414
48-8.mp4,7.167072425543654,0.8939424133874966
48-9.mp4,7.1208341139045075,0.898108139727885
49-1.mp4,7.321726624040137,0.87775296744713
49-2.mp4,6.599534579722027,0.8890592977684583
49-3.mp4,7.043422391930191,0.8868925928618799
49-4.mp4,7.215013755643211,0.9104407967821085
49-5.mp4,6.60494930719193,0.8928818667921332
49-6.mp4,6.91456462662013,0.9145294990592167
49-7.mp4,5.70198704220347,0.917351803317938
49-8.mp4,6.4555976040848915,0.8695242897959987
49-10.mp4,6.55995046854217,0.8577193587660581
49-11.mp4,6.457170663353539,0.8694915927538028
49-12.mp4,6.442218134741059,0.8783267604140402
49-13.mp4,6.665116148065175,0.8573201745237657
49-15.mp4,7.5133407789174855,0.8875231118017659
49-16.mp4,7.2107876390147405,0.8636416348365641
49-17.mp4,6.772120088802637,0.843168669797071
49-18.mp4,7.37297003000463,0.9054116793344734
49-20.mp4,7.58820938146321,0.9063564485954626
49-21.mp4,7.614861650484679,0.9214671878277709
49-22.mp4,7.567297419306384,0.9045590268600456
49-23.mp4,7.615400109623251,0.9159706209963494
50-2.mp4,6.506001873846134,0.8772556846753299
50-3.mp4,6.121138907179518,0.8945370664008963
50-4.mp4,6.961399212247919,0.9151385057355974
50-5.mp4,6.689893675223318,0.9153689620227122
50-8.mp4,6.688740516209993,0.8863474486986666
50-10.mp4,7.021963459689244,0.89999253485026
50-12.mp4,6.869276413752233,0.8814859559931213
50-13.mp4,6.482926543038752,0.858456950069689
50-14.mp4,6.635289797790007,0.90148121628821
50-15.mp4,6.826431059157997,0.8813766537057833
50-16.mp4,6.632586832736103,0.8996287781502418
50-17.mp4,7.277807557045669,0.9037836853423183
51-2.mp4,6.760028848865885,0.8916868400267514
51-3.mp4,6.65718184918752,0.9021042348208411
51-4.mp4,6.405774211300951,0.894276834999679
51-5.mp4,6.7755287439946725,0.8928818837319075
51-6.mp4,6.593194599394991,0.8524403631748876
51-7.mp4,6.639414656313076,0.8700687986380206
51-8.mp4,6.7656049934563365,0.9176116187295346
51-10.mp4,6.655881344816743,0.9205560587814399
51-11.mp4,6.3972289956047685,0.8762877308819965
51-12.mp4,6.560732688459785,0.9004446712281923
51-13.mp4,6.461879397993677,0.9178959339174239
51-14.mp4,6.430707902152265,0.8635402343812626
51-15.mp4,6.061245775043055,0.9244801771031893
51-16.mp4,6.698045326423413,0.8845980514845444
51-17.mp4,6.42540888588791,0.8851307154784188
51-18.mp4,6.742939663210223,0.9233655936444005
51-20.mp4,6.496367331421095,0.9041256288361588
52-1.mp4,6.156191821674723,0.8949536967498538
52-2.mp4,5.886766537771224,0.9397219711176684
52-3.mp4,5.794997655888372,0.9160326082473101
52-4.mp4,6.4561173962653475,0.9313959632305472
52-6.mp4,5.370842726609163,0.8947471399908502
52-7.mp4,5.8631406445039085,0.9110306441210827
52-8.mp4,5.881310195879179,0.9320375057309316
52-9.mp4,5.701444514406282,0.9344043993419738
52-11.mp4,5.7306049079361525,0.9219238329804957
52-12.mp4,5.257107187992413,0.9289521420111981
52-13.mp4,6.864563507415891,0.9122384549692764
52-14.mp4,5.888098509901102,0.9066039070720835
52-15.mp4,6.204147408746544,0.9140170007097006
52-16.mp4,6.850611306159755,0.8906892327453949
52-17.mp4,6.51552682360735,0.9113171884323958
52-18.mp4,7.000884167532948,0.9342118637393229
52-19.mp4,7.052309317229428,0.9297462221286094
52-20.mp4,7.357670092335113,0.9351148886460039
52-21.mp4,7.171992730102967,0.9229814430630323
52-22.mp4,6.3867227892220075,0.9287389998484558
53-3.mp4,5.876669724523353,0.8480512749566689
53-7.mp4,6.57242877214542,0.8927486412072394
53-8.mp4,6.48887737154582,0.8812794628694759
53-9.mp4,6.040254849092708,0.8734825710472635
53-10.mp4,6.490405704432589,0.9202480016271616
53-11.mp4,6.253362469301173,0.8872569518413634
53-12.mp4,6.879622887793008,0.8971848637052254
53-13.mp4,6.228099685736904,0.9178998877274386
54-1.mp4,7.384177807414356,0.9140176168285298
54-2.mp4,7.691132155898112,0.912008243139005
54-3.mp4,7.443048443846125,0.8815447745267594
54-4.mp4,7.75268972772221,0.9095895565009144
54-7.mp4,7.5101751325285475,0.8847472176198403
54-9.mp4,7.434393285083671,0.8975209846968397
54-10.mp4,7.197379621686819,0.900875784103472
54-11.mp4,7.37592193308335,0.9071319642966262
54-12.mp4,7.524118698323264,0.9072798031303125
55-1.mp4,7.0376588104348885,0.8838504372628655
55-2.mp4,7.227167370615287,0.9089821811692819
55-3.mp4,7.188733800589125,0.9446249752135856
56-3.mp4,7.012614628324893,0.8635978338381985
56-5.mp4,6.427585536150579,0.8700132721943762
56-6.mp4,7.368170648856793,0.8965568872303676
56-7.mp4,6.856737324930616,0.8721466782131586
56-8.mp4,7.553104357726253,0.9358501754406304
56-9.mp4,7.096148134799553,0.9185320689050049
56-10.mp4,7.546634285563384,0.9226881684550513
56-11.mp4,7.43592682897252,0.9145059529809222
56-12.mp4,7.5210695490151975,0.9166048537190374
56-13.mp4,6.80305010360203,0.861097390560415
57-1.mp4,6.049188100222504,0.9411552771341033
57-3.mp4,6.726039166643427,0.9047679691572827
57-4.mp4,7.2669375242157255,0.9163701596352912
57-5.mp4,6.428520522090545,0.8973585507604178
57-6.mp4,6.456243037785519,0.9115465174813016
57-7.mp4,6.836245134806774,0.916203185796859
57-8.mp4,6.883620318895951,0.9199181038883211
57-9.mp4,6.743488406552014,0.9287867707750175
58-2.mp4,6.5629274747106185,0.7875564837652655
58-3.mp4,6.997136120662489,0.8101156024800065
58-4.mp4,7.098640783054999,0.8404060460295316
58-5.mp4,6.899170140141035,0.865520240639757
59-1.mp4,6.110027028386532,0.8351473919808078
59-2.mp4,6.585643517201581,0.8563610490134586
59-3.mp4,6.633748571901376,0.8372325835421272
59-4.mp4,6.212073534911367,0.8652480026617937
59-6.mp4,6.589993442534646,0.8723220100188143
59-7.mp4,6.504726877157664,0.8943115024821364
59-8.mp4,6.27421929365841,0.8857164752042038
59-10.mp4,6.203806905976529,0.8883408841730539
60-2.mp4,7.339233558325295,0.8923409789711957
60-6.mp4,6.5410161450416515,0.8950608310435642
60-8.mp4,7.1741890328622935,0.8972032433058239
60-9.mp4,7.045370355047064,0.9179110665509588
60-10.mp4,7.148241777526444,0.9104082738046252
60-11.mp4,7.161379188208309,0.8881887345595294
60-12.mp4,7.39948299553848,0.8937197158708524
60-13.mp4,7.239670435195467,0.8917797735092622
61-1.mp4,7.171688711086961,0.8916582758638257
61-2.mp4,7.367145019957404,0.8911955792246539
61-3.mp4,7.011604895610548,0.9097289779746189
61-4.mp4,7.078631372066972,0.8463398400718842
61-5.mp4,6.813119432204394,0.8459469765691761
61-6.mp4,7.034405466683162,0.8705380160271033
61-7.mp4,7.016075367096179,0.8457106236868326
61-8.mp4,7.333944748509833,0.8769272200354099
61-9.mp4,7.298525750003593,0.8800744505780866
62-1.mp4,6.732131550897223,0.9107077805976999
62-2.mp4,6.201152283460249,0.847723207807945
62-4.mp4,6.246016919927824,0.8772591688955945
62-6.mp4,6.50107785258916,0.8811922939446261
62-7.mp4,6.555951262442696,0.9131609850144872
62-9.mp4,6.41361386454754,0.8644346791710623
62-10.mp4,6.258922901815662,0.8877863227888099
63-1.mp4,6.557442416509195,0.8837922650665186
63-2.mp4,6.479930805835949,0.8906064478335446
63-3.mp4,6.021482852119456,0.8495025447519913
63-4.mp4,6.206429556353434,0.913220276905387
63-5.mp4,6.715390007954845,0.9053116889115689
63-6.mp4,6.546546904187021,0.892070858199506
64-3.mp4,6.181720414557392,0.8490325154656819
64-4.mp4,6.547779854428635,0.8710638955604565
64-5.mp4,7.0084285251856056,0.8913858375809848
64-6.mp4,7.053835379598651,0.9095509894607317
64-7.mp4,6.899954574897928,0.8779141865193979
64-10.mp4,7.02877157113237,0.9203956608714396
64-11.mp4,6.925796188324811,0.9194793492605107
64-13.mp4,6.9654822741489895,0.9144433158045784
64-14.mp4,7.12833891485133,0.9249097350023266
64-15.mp4,6.7483060401238495,0.8958876573509109
64-16.mp4,7.093311643314531,0.9260378606254351
64-17.mp4,7.060221236867516,0.9372270142325096
64-18.mp4,6.9149274181258855,0.9149553229020873
64-19.mp4,5.796136254959987,0.9128197700410758
64-20.mp4,6.023290557680281,0.9093730921851747
64-21.mp4,6.1905141154014425,0.9070300035182124
64-22.mp4,6.010283218875091,0.9127846205947499
64-23.mp4,5.959077009990728,0.9172165093063188
64-24.mp4,5.635507135234946,0.8945767061993062
64-25.mp4,6.1592565216944175,0.9028312107939515
64-26.mp4,5.500387763368755,0.9215039559698279
64-27.mp4,5.268411203915333,0.9293979121708953
64-28.mp4,5.615360889130119,0.9283425841754963
64-29.mp4,5.446661739385864,0.930701681544122
64-30.mp4,6.087698702458866,0.8968383736615106
64-31.mp4,5.753846109909155,0.9008974783700144
64-35.mp4,5.565200589852135,0.9222114700820908
64-36.mp4,5.715159171291466,0.9046913525866886
64-39.mp4,5.870722357083069,0.8820303136013998
64-40.mp4,5.202952192221502,0.8851964406578737
64-41.mp4,5.1559856267842425,0.8791168029272185
65-3.mp4,7.114592109485313,0.8929309488257988
65-4.mp4,7.31734084919418,0.9234231629893637
65-9.mp4,6.654316231248702,0.9033390966996847
65-10.mp4,6.652160826418202,0.9082207550177436
65-11.mp4,7.067286232202115,0.9407936539785707
65-2_1.mp4,7.033816969705295,0.8769698472680403
66-1.mp4,7.290208896993885,0.9209819084422806
66-2.mp4,7.022979945393911,0.9043918419885535
66-3.mp4,7.849401645325948,0.8975968861242685
66-4.mp4,7.500489832166211,0.9070614269954059
66-6.mp4,7.772591094980656,0.9234490315303676
66-7.mp4,7.113104554794348,0.9178168783178106
66-8.mp4,7.430578868271625,0.908065339983828
66-10.mp4,7.53076113862775,0.9336818757285861
66-11.mp4,6.661042925495782,0.9284908382970515
66-12.mp4,6.6693869635935625,0.9156201991518231
67-2.mp4,7.472902619701589,0.9201737917425621
67-3.mp4,7.622568957176992,0.9139516846347663
67-4.mp4,7.523591006716709,0.9027942324780288
67-5.mp4,7.597668185006899,0.9159846502864573
67-6.mp4,7.732868399032569,0.9234972870624617
67-9.mp4,6.632742272437875,0.9200242294959446
67-6_1.mp4,7.42847422179021,0.9152463506351514
68-1.mp4,6.262900766376301,0.9441038877835224
68-2.mp4,6.411565213596697,0.9354073557282349
68-3.mp4,6.0469443987672715,0.9469809662060541
68-4.mp4,5.198870298504402,0.9439018321232748
68-5.mp4,5.771516946337587,0.934155503160972
68-6.mp4,7.012046738913245,0.914032360907514
68-7.mp4,6.752621260941594,0.9262175133376788
68-8.mp4,6.05463610197621,0.8816694484645944
68-9.mp4,5.211123994739681,0.8646317800529298
68-11.mp4,6.757166280960655,0.9078296948209521
68-12.mp4,5.604578568745525,0.8244385919738864
68-13.mp4,6.957193169775961,0.9195603271292143
68-14.mp4,6.37307438766454,0.9283333510118117
68-15.mp4,6.933542296209498,0.9240212019540293
68-16.mp4,6.326361843090655,0.9244862782224637
68-17.mp4,5.9861221621656355,0.9478747208549615
68-18.mp4,6.981720849290635,0.9260315685115044
68-19.mp4,6.293144239763952,0.9135126628800906
68-20.mp4,6.64988806647385,0.9270948429504717
68-21.mp4,5.961534021341971,0.9342476671895605
68-22.mp4,6.726138079327949,0.9247267573431462
68-23.mp4,6.834636487111631,0.9270242793988749
68-24.mp4,7.2733218193350915,0.9321400014597904
69-1.mp4,6.976980407488226,0.9323301282857258
69-3.mp4,6.64681337977722,0.9032066207078845
69-4.mp4,6.540105214703361,0.9274072805389797
69-5.mp4,6.637053303333377,0.9103940130015576
69-6.mp4,6.454445766101138,0.9335935649931856
69-7.mp4,6.958144737486353,0.9275028372576439
69-8.mp4,7.220684009037016,0.9404463583268703
70-1.mp4,5.674405711415587,0.901764679116425
70-2.mp4,5.585262851856136,0.9105354646771214
70-3.mp4,5.903337221965988,0.887763105789784
70-5.mp4,6.289275524684443,0.8674949779838131
70-6.mp4,5.687776233340704,0.8759143883963635
70-8.mp4,6.737426851874341,0.8800893457239208
70-10.mp4,5.664577719314317,0.8673113621725066
70-11.mp4,6.226563180722693,0.8816785466489926
70-13.mp4,5.574493402499777,0.8665033219244653
70-14.mp4,6.541621489663263,0.850698818528139
70-15.mp4,6.298831840406056,0.8792342970902953
70-16.mp4,6.493955168888143,0.8782802287024749
70-17.mp4,6.466446208806904,0.869975711917903
70-18.mp4,6.405099981047105,0.8751676128785821
70-19.mp4,6.3881116069852295,0.8738645849336615
70-20.mp4,6.410485584077202,0.859075524806713
71-1.mp4,6.779927237285571,0.8424235821963614
71-2.mp4,6.812805653173674,0.8947629296415115
71-3.mp4,7.159066773313635,0.923067936687514
71-4.mp4,7.35524364567241,0.9268657369138518
71-5.mp4,7.468687984960662,0.9241535644280959
72-1.mp4,6.261441114009959,0.8914957813551632
72-2.mp4,7.101827260945112,0.910825891925007
72-3.mp4,7.37215934914368,0.9086762719587309
72-4.mp4,6.844897125244606,0.9216195247002247
72-5.mp4,6.679156666275454,0.8840356105840022
72-6.mp4,6.504572485077615,0.8922587519649368
72-7.mp4,6.926241835663395,0.8979650645566828
72-8.mp4,7.0174809138957706,0.8815833167692053
72-9.mp4,6.597641603938681,0.8864545228035318
72-10.mp4,6.944234842851841,0.9222750582207102
72-11.mp4,7.101536698681471,0.8974085399133306
72-12.mp4,7.2937336934373995,0.9049439109241133
73-1.mp4,6.554361026082801,0.9186652001723984
73-2.mp4,6.355609046017049,0.926842087075135
73-4.mp4,6.441259527789458,0.9111869944543993
73-5.mp4,6.811970772377968,0.9001060238310262
73-6.mp4,6.4160903641642895,0.9104683856260535
73-7.mp4,7.09200634690217,0.9273200380007401
73-8.mp4,7.015685136605097,0.9234973537432366
73-9.mp4,7.231774791825174,0.8959820740643275
73-10.mp4,5.867623612898141,0.9494179400949849
73-11.mp4,5.556456903784826,0.9591766067472536
73-12.mp4,5.623286334464486,0.9535086464337785
73-13.mp4,5.8758180756978895,0.9447489911624614
73-15.mp4,6.020517813652263,0.9209513430232134
73-16.mp4,6.857537858458578,0.9151641890789807
